"","V1","V2","V3","V4","V5","V6","V7","V8","V9","V10","V11","V12","V13","V14","V15","V16"
"1",1918541,2274890,2241196,2672668,3412056,3580868,3306948,4055441,3853391,4489226,4294788,4294120,3630046,2450291,1888275,3346353
"2",1918541,2274890,2241196,2672668,3412056,3580868,3306948,4055441,3853391,4489226,4294788,4294120,3630046,2450291,1888275,3346353
"3",1918541,2274890,2241196,2672668,3412056,3580868,3306948,4055441,3853391,4489226,4294788,4294120,3630046,2450291,1888275,3346353
"4",1918541,2274890,2241196,2672668,3412056,3580868,3306948,4055441,3853391,4489226,4294788,4294120,3630046,2450291,1888275,3346353
"5",1918541,2274890,2241196,2672668,3412056,3580868,3306948,4055441,3853391,4489226,4294788,4294120,3630046,2450291,1888275,3346353
"6",1918541,2274890,2241196,2672668,3412056,3580868,3306948,4055441,3853391,4489226,4294788,4294120,3630046,2450291,1888275,3346353
"7",1918541,2274890,2241196,2672668,3412056,3580868,3306948,4055441,3853391,4489226,4294788,4294120,3630046,2450291,1888275,3346353
"8",1918541,2274890,2241196,2672668,3412056,3580868,3306948,4055441,3853391,4489226,4294788,4294120,3630046,2450291,1888275,3346353
"9",1918541,2274890,2241196,2672668,3412056,3580868,3306948,4055441,3853391,4489226,4294788,4294120,3630046,2450291,1888275,3346353
"10",1918541,2274890,2241196,2672668,3412056,3580868,3306948,4055441,3853391,4489226,4294788,4294120,3630046,2450291,1888275,3346353
"11",1918541,2274890,2241196,2672668,3412056,3580868,3306948,4055441,3853391,4489226,4294788,4294120,3630046,2450291,1888275,3346353
"12",1918541,2274890,2241196,2672668,3412056,3580868,3306948,4055441,3853391,4489226,4294788,4294120,3630046,2450291,1888275,3346353
"13",1918541,2274890,2241196,2672668,3412056,3580868,3306948,4055440,3853391,4489226,4294788,4294120,3630046,2450291,1888275,3346353
"14",1918541,2274890,2241196,2672668,3412056,3580868,3306948,4055440,3853391,4489226,4294788,4294120,3630046,2450291,1888275,3346353
"15",1918541,2274890,2241196,2672668,3412056,3580868,3306948,4055440,3853391,4489226,4294788,4294120,3630046,2450291,1888275,3346353
"16",1918541,2274890,2241196,2672668,3412056,3580868,3306948,4055440,3853391,4489226,4294788,4294120,3630046,2450291,1888275,3346353
"17",1918541,2274890,2241196,2672668,3412056,3580868,3306948,4055440,3853391,4489226,4294788,4294120,3630046,2450291,1888275,3346353
"18",1918541,2274890,2241196,2672668,3412056,3580868,3306948,4055440,3853391,4489226,4294788,4294120,3630046,2450291,1888275,3346353
"19",1918541,2274890,2241196,2672668,3412056,3580868,3306948,4055440,3853391,4489226,4294786,4294120,3630046,2450291,1888275,3346353
"20",1918541,2274890,2241196,2672668,3412056,3580868,3306948,4055440,3853391,4489226,4294785,4294120,3630046,2450291,1888275,3346353
"21",1918541,2274890,2241196,2672668,3412056,3580868,3306948,4055440,3853391,4489226,4294784,4294120,3630046,2450291,1888275,3346353
"22",1918541,2274890,2241196,2672668,3412056,3580868,3306948,4055440,3853391,4489226,4294784,4294120,3630046,2450291,1888275,3346353
"23",1918541,2274890,2241196,2672668,3412056,3580867,3306948,4055440,3853391,4489226,4294784,4294120,3630046,2450291,1888275,3346353
"24",1918541,2274890,2241196,2672668,3412055,3580866,3306947,4055439,3853391,4489226,4294783,4294120,3630045,2450291,1888275,3346353
"25",1918541,2274890,2241196,2672668,3412055,3580866,3306947,4055438,3853391,4489225,4294782,4294120,3630045,2450291,1888275,3346353
"26",1918541,2274890,2241196,2672668,3412055,3580865,3306947,4055438,3853391,4489224,4294782,4294120,3630045,2450291,1888275,3346353
"27",1918541,2274890,2241196,2672668,3412055,3580865,3306947,4055438,3853391,4489224,4294782,4294120,3630045,2450291,1888275,3346353
"28",1918541,2274890,2241196,2672668,3412055,3580865,3306947,4055438,3853390,4489223,4294782,4294120,3630045,2450291,1888275,3346353
"29",1918541,2274890,2241196,2672668,3412055,3580864,3306947,4055438,3853390,4489222,4294782,4294120,3630045,2450291,1888275,3346353
"30",1918541,2274890,2241196,2672668,3412055,3580864,3306947,4055437,3853390,4489221,4294782,4294120,3630045,2450291,1888275,3346353
"31",1918541,2274890,2241196,2672668,3412055,3580864,3306947,4055437,3853390,4489221,4294782,4294120,3630045,2450291,1888275,3346353
"32",1918541,2274890,2241196,2672668,3412055,3580864,3306947,4055437,3853390,4489221,4294781,4294120,3630045,2450291,1888275,3346353
"33",1918541,2274890,2241196,2672668,3412055,3580864,3306947,4055437,3853390,4489221,4294780,4294120,3630045,2450291,1888274,3346353
"34",1918541,2274890,2241196,2672668,3412055,3580864,3306947,4055437,3853390,4489221,4294780,4294120,3630045,2450291,1888274,3346353
"35",1918541,2274890,2241196,2672668,3412055,3580864,3306947,4055437,3853390,4489221,4294780,4294120,3630045,2450291,1888274,3346353
"36",1918541,2274890,2241196,2672668,3412055,3580864,3306947,4055437,3853390,4489221,4294780,4294120,3630045,2450291,1888274,3346353
"37",1918541,2274890,2241196,2672668,3412055,3580864,3306947,4055437,3853390,4489221,4294780,4294120,3630045,2450291,1888274,3346353
"38",1918541,2274890,2241196,2672668,3412055,3580864,3306947,4055437,3853390,4489221,4294780,4294120,3630045,2450291,1888274,3346353
"39",1918541,2274890,2241196,2672668,3412055,3580863,3306947,4055436,3853390,4489221,4294780,4294120,3630045,2450291,1888274,3346353
"40",1918541,2274890,2241196,2672668,3412055,3580863,3306947,4055436,3853390,4489221,4294780,4294120,3630045,2450291,1888274,3346352
"41",1918541,2274890,2241196,2672668,3412055,3580863,3306947,4055436,3853390,4489221,4294780,4294120,3630044,2450291,1888274,3346352
"42",1918541,2274890,2241196,2672668,3412055,3580863,3306947,4055436,3853390,4489221,4294780,4294120,3630043,2450291,1888274,3346352
"43",1918541,2274890,2241196,2672667,3412054,3580861,3306947,4055435,3853389,4489220,4294778,4294119,3630042,2450290,1888273,3346352
"44",1918541,2274890,2241196,2672666,3412051,3580857,3306945,4055433,3853388,4489218,4294773,4294115,3630041,2450289,1888273,3346351
"45",1918541,2274890,2241196,2672665,3412049,3580856,3306943,4055432,3853381,4489210,4294759,4294101,3630038,2450285,1888271,3346349
"46",1918541,2274890,2241195,2672664,3412034,3580843,3306935,4055419,3853370,4489195,4294744,4294083,3630012,2450264,1888264,3346344
"47",1918541,2274889,2241194,2672663,3412013,3580818,3306926,4055405,3853358,4489177,4294724,4294061,3629993,2450251,1888258,3346339
"48",1918541,2274888,2241193,2672662,3411990,3580793,3306910,4055389,3853341,4489161,4294699,4294037,3629973,2450241,1888254,3346331
"49",1918541,2274887,2241189,2672656,3411969,3580773,3306902,4055380,3853329,4489152,4294679,4294019,3629964,2450236,1888253,3346329
"50",1918541,2274887,2241185,2672652,3411940,3580738,3306889,4055364,3853315,4489135,4294652,4293997,3629943,2450218,1888246,3346319
"51",1918538,2274885,2241176,2672642,3411866,3580654,3306869,4055344,3853289,4489104,4294618,4293962,3629926,2450204,1888235,3346306
"52",1918536,2274883,2241167,2672632,3411812,3580589,3306842,4055317,3853263,4489076,4294577,4293920,3629897,2450188,1888227,3346287
"53",1918533,2274879,2241158,2672619,3411682,3580453,3306802,4055261,3853208,4489010,4294509,4293844,3629828,2450142,1888210,3346249
"54",1918529,2274875,2241139,2672593,3411583,3580366,3306776,4055221,3853172,4488965,4294461,4293797,3629791,2450119,1888194,3346230
"55",1918527,2274873,2241126,2672578,3411483,3580261,3306733,4055174,3853117,4488901,4294385,4293733,3629736,2450088,1888176,3346191
"56",1918526,2274872,2241111,2672560,3411393,3580168,3306701,4055131,3853074,4488854,4294332,4293676,3629698,2450060,1888159,3346170
"57",1918526,2274871,2241096,2672544,3411310,3580089,3306677,4055098,3853036,4488809,4294271,4293620,3629671,2450037,1888142,3346144
"58",1918524,2274870,2241085,2672533,3411240,3580006,3306664,4055085,3853010,4488778,4294223,4293586,3629638,2450018,1888128,3346112
"59",1918521,2274867,2241069,2672516,3411169,3579931,3306645,4055064,3852987,4488755,4294181,4293538,3629598,2449995,1888098,3346045
"60",1918518,2274863,2241054,2672498,3411096,3579855,3306628,4055046,3852966,4488724,4294149,4293492,3629560,2449966,1888074,3346001
"61",1918515,2274859,2241039,2672477,3411044,3579796,3306612,4055027,3852953,4488701,4294117,4293460,3629532,2449945,1888057,3345965
"62",1918511,2274856,2241027,2672463,3411009,3579757,3306601,4055013,3852935,4488685,4294094,4293439,3629507,2449928,1888041,3345943
"63",1918511,2274855,2241021,2672456,3410987,3579734,3306596,4055005,3852919,4488673,4294079,4293423,3629497,2449921,1888029,3345931
"64",1918507,2274850,2241014,2672447,3410969,3579722,3306589,4054997,3852900,4488650,4294049,4293398,3629478,2449911,1888011,3345908
"65",1918507,2274849,2241010,2672443,3410960,3579712,3306585,4054994,3852891,4488641,4294033,4293391,3629471,2449906,1888003,3345895
"66",1918507,2274847,2241006,2672438,3410955,3579702,3306580,4054988,3852879,4488624,4294019,4293374,3629458,2449898,1887998,3345878
"67",1918505,2274845,2241005,2672436,3410948,3579695,3306576,4054983,3852872,4488616,4294006,4293358,3629450,2449893,1887994,3345860
"68",1918504,2274845,2241004,2672435,3410939,3579689,3306572,4054979,3852869,4488613,4293997,4293350,3629442,2449887,1887989,3345855
"69",1918503,2274844,2241002,2672433,3410934,3579682,3306570,4054973,3852866,4488607,4293988,4293340,3629434,2449881,1887985,3345849
"70",1918503,2274842,2241000,2672430,3410927,3579672,3306567,4054970,3852858,4488599,4293978,4293330,3629429,2449878,1887982,3345840
"71",1918503,2274841,2240999,2672427,3410921,3579665,3306560,4054962,3852854,4488595,4293972,4293325,3629416,2449870,1887980,3345825
"72",1918502,2274840,2240997,2672424,3410912,3579658,3306554,4054954,3852848,4488588,4293957,4293314,3629403,2449861,1887969,3345793
"73",1918501,2274839,2240994,2672421,3410907,3579655,3306549,4054949,3852843,4488584,4293950,4293308,3629389,2449852,1887968,3345784
"74",1918499,2274838,2240991,2672418,3410901,3579647,3306546,4054944,3852839,4488581,4293943,4293299,3629379,2449844,1887957,3345717
"75",1918497,2274835,2240990,2672415,3410895,3579640,3306543,4054940,3852832,4488573,4293931,4293291,3629372,2449836,1887953,3345701
"76",1918497,2274833,2240990,2672415,3410885,3579631,3306539,4054935,3852828,4488567,4293924,4293285,3629367,2449833,1887950,3345689
"77",1918495,2274833,2240986,2672412,3410875,3579620,3306536,4054932,3852824,4488561,4293917,4293276,3629364,2449831,1887946,3345679
"78",1918494,2274833,2240983,2672409,3410862,3579600,3306527,4054921,3852818,4488556,4293913,4293273,3629358,2449828,1887943,3345672
"79",1918494,2274831,2240976,2672401,3410844,3579582,3306522,4054916,3852815,4488553,4293909,4293266,3629351,2449825,1887938,3345662
"80",1918494,2274831,2240972,2672396,3410828,3579572,3306520,4054914,3852814,4488551,4293902,4293260,3629347,2449823,1887931,3345644
"81",1918494,2274830,2240970,2672393,3410814,3579556,3306514,4054905,3852804,4488539,4293887,4293246,3629334,2449812,1887930,3345636
"82",1918492,2274829,2240967,2672389,3410802,3579536,3306508,4054895,3852798,4488531,4293880,4293236,3629328,2449807,1887927,3345633
"83",1918492,2274829,2240965,2672387,3410789,3579519,3306503,4054888,3852796,4488527,4293872,4293229,3629317,2449803,1887924,3345629
"84",1918492,2274828,2240964,2672386,3410772,3579509,3306497,4054883,3852789,4488519,4293856,4293210,3629307,2449797,1887921,3345621
"85",1918491,2274825,2240962,2672383,3410757,3579498,3306490,4054877,3852786,4488513,4293849,4293204,3629304,2449793,1887918,3345609
"86",1918490,2274823,2240961,2672381,3410746,3579484,3306484,4054871,3852780,4488505,4293838,4293198,3629296,2449787,1887912,3345604
"87",1918488,2274822,2240959,2672380,3410730,3579469,3306480,4054864,3852772,4488499,4293835,4293193,3629289,2449784,1887908,3345600
"88",1918488,2274822,2240959,2672379,3410717,3579455,3306474,4054853,3852767,4488497,4293828,4293188,3629279,2449780,1887904,3345593
"89",1918487,2274821,2240956,2672375,3410701,3579441,3306466,4054846,3852760,4488489,4293822,4293184,3629275,2449777,1887902,3345588
"90",1918487,2274820,2240952,2672372,3410692,3579433,3306464,4054844,3852759,4488484,4293820,4293182,3629272,2449773,1887898,3345581
"91",1918487,2274820,2240951,2672370,3410686,3579424,3306461,4054840,3852758,4488481,4293818,4293181,3629265,2449770,1887897,3345579
"92",1918486,2274819,2240949,2672368,3410679,3579416,3306457,4054834,3852756,4488478,4293816,4293179,3629260,2449769,1887895,3345572
"93",1918485,2274819,2240947,2672367,3410673,3579408,3306454,4054829,3852751,4488474,4293816,4293178,3629259,2449767,1887894,3345569
"94",1918485,2274818,2240947,2672365,3410670,3579405,3306452,4054826,3852749,4488473,4293813,4293176,3629256,2449763,1887893,3345567
"95",1918485,2274816,2240946,2672361,3410667,3579402,3306450,4054824,3852748,4488471,4293809,4293173,3629253,2449759,1887893,3345567
"96",1918485,2274816,2240945,2672359,3410662,3579397,3306450,4054821,3852748,4488471,4293807,4293172,3629250,2449759,1887892,3345566
"97",1918484,2274815,2240944,2672358,3410658,3579392,3306449,4054820,3852748,4488469,4293806,4293171,3629246,2449758,1887891,3345564
"98",1918484,2274815,2240943,2672356,3410654,3579385,3306445,4054818,3852746,4488466,4293804,4293169,3629244,2449757,1887889,3345562
"99",1918484,2274815,2240942,2672354,3410649,3579380,3306443,4054815,3852745,4488464,4293803,4293168,3629244,2449756,1887889,3345560
"100",1918483,2274813,2240942,2672352,3410647,3579377,3306443,4054814,3852744,4488463,4293801,4293167,3629243,2449754,1887889,3345558
"101",1918483,2274812,2240940,2672351,3410643,3579373,3306443,4054812,3852744,4488462,4293800,4293166,3629241,2449754,1887887,3345558
"102",1918483,2274811,2240939,2672351,3410640,3579368,3306443,4054811,3852744,4488462,4293799,4293165,3629240,2449754,1887885,3345558
"103",1918483,2274811,2240937,2672349,3410639,3579365,3306442,4054810,3852744,4488462,4293798,4293165,3629240,2449754,1887885,3345557
"104",1918482,2274811,2240937,2672347,3410636,3579364,3306441,4054810,3852744,4488461,4293797,4293164,3629240,2449754,1887885,3345556
"105",1918482,2274811,2240937,2672346,3410635,3579363,3306441,4054810,3852744,4488460,4293795,4293163,3629240,2449754,1887884,3345555
"106",1918482,2274811,2240936,2672345,3410634,3579359,3306441,4054808,3852742,4488458,4293794,4293163,3629239,2449754,1887883,3345555
"107",1918482,2274811,2240936,2672344,3410633,3579358,3306441,4054807,3852742,4488457,4293793,4293163,3629239,2449754,1887882,3345554
"108",1918482,2274811,2240936,2672343,3410633,3579357,3306441,4054806,3852742,4488457,4293792,4293163,3629238,2449754,1887882,3345553
"109",1918482,2274810,2240936,2672342,3410632,3579356,3306441,4054805,3852741,4488456,4293792,4293163,3629237,2449753,1887882,3345553
"110",1918482,2274809,2240936,2672342,3410631,3579354,3306439,4054803,3852741,4488455,4293792,4293163,3629237,2449753,1887882,3345553
"111",1918482,2274809,2240935,2672341,3410630,3579351,3306437,4054801,3852741,4488454,4293792,4293163,3629237,2449753,1887882,3345553
"112",1918482,2274809,2240935,2672340,3410628,3579348,3306436,4054801,3852741,4488453,4293791,4293163,3629237,2449753,1887881,3345553
"113",1918482,2274809,2240935,2672340,3410627,3579346,3306435,4054799,3852740,4488451,4293790,4293163,3629237,2449753,1887881,3345553
"114",1918482,2274809,2240934,2672340,3410627,3579345,3306434,4054797,3852740,4488450,4293790,4293162,3629236,2449753,1887881,3345553
"115",1918482,2274809,2240934,2672340,3410625,3579342,3306434,4054796,3852740,4488450,4293790,4293162,3629236,2449753,1887881,3345552
"116",1918482,2274809,2240934,2672340,3410624,3579340,3306434,4054795,3852740,4488450,4293790,4293162,3629235,2449753,1887881,3345552
"117",1918482,2274809,2240934,2672339,3410624,3579340,3306433,4054793,3852738,4488448,4293790,4293162,3629234,2449752,1887880,3345551
"118",1918482,2274809,2240934,2672339,3410623,3579339,3306433,4054792,3852737,4488445,4293790,4293162,3629233,2449751,1887880,3345551
"119",1918482,2274809,2240934,2672339,3410622,3579338,3306433,4054791,3852737,4488444,4293789,4293162,3629233,2449751,1887880,3345550
"120",1918482,2274809,2240934,2672339,3410622,3579338,3306433,4054790,3852737,4488444,4293789,4293162,3629232,2449751,1887880,3345550
"121",1918482,2274809,2240934,2672338,3410622,3579338,3306433,4054789,3852737,4488444,4293789,4293162,3629232,2449751,1887880,3345550
"122",1918482,2274808,2240934,2672338,3410622,3579337,3306430,4054786,3852736,4488443,4293789,4293162,3629231,2449751,1887880,3345550
"123",1918482,2274808,2240934,2672337,3410617,3579331,3306429,4054784,3852736,4488443,4293788,4293162,3629231,2449751,1887880,3345550
"124",1918482,2274808,2240933,2672335,3410610,3579322,3306428,4054781,3852734,4488442,4293787,4293161,3629230,2449750,1887879,3345550
"125",1918482,2274808,2240932,2672334,3410599,3579314,3306424,4054778,3852733,4488441,4293787,4293161,3629229,2449750,1887879,3345550
"126",1918482,2274807,2240930,2672332,3410593,3579309,3306423,4054775,3852732,4488439,4293785,4293161,3629229,2449750,1887879,3345549
"127",1918482,2274807,2240930,2672331,3410586,3579299,3306421,4054771,3852730,4488437,4293785,4293161,3629228,2449750,1887879,3345548
"128",1918482,2274807,2240925,2672325,3410579,3579294,3306418,4054769,3852730,4488436,4293785,4293160,3629228,2449750,1887879,3345548
"129",1918481,2274805,2240924,2672323,3410576,3579289,3306416,4054766,3852729,4488435,4293784,4293160,3629227,2449749,1887877,3345547
"130",1918480,2274804,2240923,2672323,3410572,3579282,3306415,4054766,3852729,4488434,4293783,4293160,3629225,2449748,1887877,3345547
"131",1918480,2274804,2240923,2672322,3410568,3579279,3306415,4054765,3852728,4488433,4293781,4293160,3629225,2449748,1887876,3345547
"132",1918480,2274804,2240923,2672320,3410566,3579278,3306413,4054762,3852726,4488431,4293780,4293160,3629225,2449748,1887876,3345547
"133",1918480,2274803,2240923,2672320,3410565,3579274,3306412,4054762,3852726,4488430,4293778,4293159,3629223,2449747,1887875,3345547
"134",1918480,2274803,2240920,2672317,3410561,3579266,3306410,4054760,3852723,4488428,4293777,4293159,3629221,2449747,1887875,3345547
"135",1918480,2274803,2240919,2672316,3410559,3579264,3306409,4054760,3852722,4488426,4293777,4293159,3629221,2449747,1887875,3345547
"136",1918480,2274802,2240918,2672315,3410554,3579260,3306407,4054758,3852721,4488423,4293777,4293158,3629221,2449747,1887873,3345547
"137",1918480,2274802,2240917,2672314,3410553,3579259,3306404,4054755,3852721,4488423,4293772,4293155,3629220,2449746,1887873,3345546
"138",1918480,2274802,2240916,2672313,3410550,3579257,3306402,4054753,3852718,4488421,4293769,4293153,3629218,2449745,1887872,3345546
"139",1918480,2274802,2240916,2672311,3410549,3579256,3306402,4054750,3852717,4488419,4293766,4293150,3629216,2449744,1887872,3345546
"140",1918480,2274801,2240916,2672310,3410549,3579254,3306401,4054748,3852716,4488416,4293765,4293148,3629215,2449744,1887871,3345545
"141",1918480,2274799,2240915,2672309,3410546,3579249,3306397,4054745,3852715,4488414,4293762,4293146,3629210,2449741,1887870,3345543
"142",1918479,2274798,2240913,2672307,3410538,3579242,3306385,4054732,3852709,4488408,4293755,4293142,3629208,2449739,1887870,3345543
"143",1918478,2274797,2240910,2672305,3410532,3579239,3306382,4054728,3852704,4488403,4293750,4293137,3629203,2449736,1887869,3345540
"144",1918478,2274796,2240908,2672302,3410528,3579235,3306380,4054726,3852702,4488398,4293745,4293131,3629199,2449734,1887868,3345537
"145",1918478,2274796,2240908,2672301,3410524,3579228,3306376,4054721,3852700,4488396,4293743,4293129,3629198,2449734,1887868,3345537
"146",1918478,2274795,2240907,2672300,3410523,3579225,3306374,4054719,3852697,4488393,4293738,4293122,3629196,2449732,1887867,3345537
"147",1918478,2274795,2240906,2672299,3410520,3579221,3306373,4054717,3852696,4488392,4293732,4293118,3629192,2449729,1887866,3345534
"148",1918478,2274794,2240905,2672298,3410520,3579219,3306370,4054716,3852694,4488389,4293727,4293114,3629182,2449723,1887864,3345531
"149",1918478,2274793,2240905,2672298,3410518,3579217,3306370,4054714,3852693,4488387,4293723,4293109,3629175,2449718,1887859,3345527
"150",1918478,2274792,2240904,2672297,3410514,3579213,3306369,4054711,3852692,4488385,4293719,4293107,3629171,2449715,1887854,3345521
"151",1918477,2274790,2240904,2672296,3410513,3579212,3306366,4054708,3852687,4488379,4293714,4293104,3629166,2449711,1887850,3345512
"152",1918477,2274789,2240902,2672293,3410512,3579211,3306364,4054705,3852684,4488376,4293706,4293098,3629160,2449706,1887847,3345506
"153",1918477,2274788,2240901,2672293,3410510,3579207,3306362,4054704,3852682,4488374,4293703,4293095,3629152,2449702,1887845,3345502
"154",1918477,2274788,2240900,2672293,3410509,3579204,3306360,4054704,3852679,4488373,4293698,4293090,3629146,2449699,1887841,3345496
"155",1918477,2274787,2240900,2672292,3410507,3579201,3306356,4054700,3852679,4488371,4293694,4293086,3629138,2449693,1887838,3345492
"156",1918477,2274787,2240899,2672291,3410504,3579198,3306353,4054694,3852677,4488366,4293691,4293083,3629133,2449690,1887835,3345489
"157",1918477,2274787,2240897,2672288,3410498,3579193,3306350,4054690,3852677,4488365,4293683,4293076,3629124,2449685,1887833,3345487
"158",1918477,2274786,2240897,2672286,3410495,3579188,3306349,4054688,3852677,4488363,4293677,4293072,3629120,2449682,1887830,3345475
"159",1918477,2274786,2240897,2672286,3410491,3579183,3306347,4054685,3852674,4488361,4293672,4293068,3629114,2449679,1887829,3345474
"160",1918476,2274785,2240897,2672286,3410488,3579180,3306345,4054682,3852669,4488356,4293670,4293065,3629111,2449676,1887828,3345471
"161",1918475,2274784,2240897,2672285,3410488,3579178,3306343,4054680,3852667,4488353,4293669,4293063,3629106,2449673,1887825,3345468
"162",1918474,2274783,2240897,2672284,3410484,3579177,3306338,4054672,3852666,4488351,4293663,4293059,3629104,2449672,1887821,3345465
"163",1918474,2274782,2240897,2672283,3410478,3579173,3306336,4054670,3852664,4488348,4293656,4293054,3629098,2449668,1887818,3345457
"164",1918474,2274782,2240897,2672282,3410474,3579167,3306331,4054666,3852663,4488346,4293651,4293049,3629093,2449666,1887816,3345455
"165",1918473,2274781,2240895,2672280,3410472,3579163,3306326,4054659,3852659,4488342,4293647,4293045,3629085,2449661,1887813,3345448
"166",1918473,2274781,2240894,2672279,3410470,3579160,3306322,4054653,3852656,4488340,4293643,4293041,3629077,2449655,1887810,3345441
"167",1918473,2274781,2240894,2672278,3410467,3579156,3306319,4054652,3852655,4488339,4293638,4293037,3629074,2449653,1887809,3345441
"168",1918472,2274779,2240894,2672278,3410466,3579153,3306315,4054647,3852651,4488333,4293633,4293034,3629072,2449650,1887807,3345438
"169",1918471,2274779,2240894,2672277,3410465,3579151,3306308,4054638,3852646,4488329,4293628,4293029,3629070,2449648,1887806,3345435
"170",1918471,2274778,2240893,2672277,3410464,3579151,3306305,4054632,3852645,4488328,4293624,4293024,3629065,2449647,1887806,3345435
"171",1918471,2274776,2240892,2672276,3410462,3579147,3306301,4054627,3852644,4488324,4293623,4293022,3629061,2449645,1887806,3345433
"172",1918471,2274775,2240892,2672273,3410456,3579141,3306297,4054622,3852641,4488321,4293620,4293020,3629058,2449641,1887803,3345429
"173",1918470,2274774,2240891,2672271,3410448,3579135,3306294,4054615,3852635,4488317,4293616,4293017,3629050,2449637,1887800,3345427
"174",1918469,2274772,2240890,2672270,3410443,3579130,3306291,4054612,3852632,4488315,4293615,4293015,3629042,2449632,1887799,3345426
"175",1918468,2274770,2240888,2672269,3410438,3579126,3306287,4054608,3852628,4488310,4293612,4293012,3629039,2449630,1887797,3345425
"176",1918468,2274770,2240887,2672268,3410436,3579123,3306282,4054600,3852627,4488308,4293602,4293005,3629035,2449628,1887794,3345422
"177",1918467,2274769,2240886,2672266,3410433,3579120,3306279,4054597,3852626,4488306,4293595,4292998,3629029,2449624,1887790,3345418
"178",1918467,2274768,2240881,2672261,3410429,3579116,3306275,4054592,3852623,4488303,4293591,4292995,3629022,2449620,1887787,3345413
"179",1918466,2274766,2240880,2672260,3410422,3579110,3306269,4054587,3852620,4488300,4293587,4292992,3629017,2449616,1887786,3345411
"180",1918464,2274765,2240879,2672258,3410419,3579105,3306264,4054582,3852615,4488295,4293584,4292988,3629013,2449610,1887785,3345409
"181",1918462,2274763,2240879,2672258,3410417,3579101,3306259,4054573,3852612,4488292,4293579,4292985,3629010,2449608,1887785,3345405
"182",1918462,2274761,2240878,2672257,3410411,3579095,3306257,4054568,3852610,4488288,4293575,4292983,3629003,2449605,1887782,3345402
"183",1918462,2274759,2240878,2672254,3410406,3579087,3306251,4054562,3852604,4488279,4293572,4292979,3628999,2449603,1887779,3345396
"184",1918462,2274758,2240876,2672252,3410402,3579082,3306249,4054559,3852599,4488272,4293567,4292975,3628997,2449602,1887778,3345395
"185",1918461,2274756,2240874,2672250,3410398,3579078,3306245,4054557,3852595,4488269,4293562,4292969,3628995,2449600,1887775,3345393
"186",1918460,2274755,2240874,2672250,3410392,3579073,3306240,4054553,3852593,4488268,4293558,4292964,3628994,2449599,1887773,3345389
"187",1918459,2274754,2240871,2672248,3410388,3579070,3306236,4054542,3852591,4488265,4293555,4292962,3628989,2449595,1887772,3345388
"188",1918458,2274753,2240869,2672246,3410380,3579063,3306229,4054535,3852587,4488260,4293552,4292960,3628986,2449593,1887770,3345385
"189",1918457,2274751,2240868,2672244,3410375,3579054,3306220,4054529,3852583,4488256,4293550,4292959,3628983,2449591,1887768,3345384
"190",1918457,2274749,2240868,2672243,3410372,3579050,3306217,4054525,3852579,4488252,4293546,4292954,3628979,2449589,1887768,3345383
"191",1918454,2274747,2240866,2672241,3410364,3579043,3306210,4054515,3852575,4488247,4293543,4292950,3628977,2449588,1887766,3345381
"192",1918448,2274742,2240861,2672235,3410364,3579041,3306209,4054513,3852572,4488241,4293538,4292948,3628974,2449586,1887764,3345379
"193",1918447,2274740,2240859,2672233,3410358,3579036,3306207,4054510,3852569,4488237,4293534,4292945,3628972,2449585,1887763,3345378
"194",1918446,2274735,2240858,2672231,3410355,3579034,3306203,4054506,3852567,4488235,4293532,4292941,3628966,2449582,1887763,3345375
"195",1918445,2274733,2240857,2672230,3410352,3579031,3306200,4054504,3852564,4488231,4293531,4292940,3628965,2449582,1887763,3345374
"196",1918445,2274733,2240856,2672228,3410348,3579025,3306197,4054499,3852564,4488229,4293528,4292938,3628964,2449581,1887758,3345368
"197",1918445,2274733,2240853,2672225,3410342,3579021,3306194,4054495,3852560,4488226,4293525,4292935,3628959,2449577,1887756,3345362
"198",1918445,2274732,2240851,2672223,3410331,3579011,3306192,4054493,3852556,4488222,4293519,4292929,3628956,2449573,1887754,3345358
"199",1918445,2274731,2240851,2672221,3410331,3579009,3306189,4054489,3852552,4488217,4293514,4292925,3628948,2449571,1887752,3345353
"200",1918445,2274730,2240851,2672220,3410327,3579002,3306179,4054472,3852536,4488201,4293508,4292919,3628941,2449568,1887751,3345352
"201",1918445,2274730,2240851,2672220,3410324,3578999,3306174,4054466,3852531,4488194,4293499,4292911,3628938,2449564,1887749,3345350
"202",1918445,2274729,2240851,2672219,3410320,3578997,3306165,4054459,3852529,4488190,4293497,4292910,3628936,2449563,1887748,3345346
"203",1918444,2274728,2240850,2672218,3410318,3578995,3306162,4054457,3852524,4488185,4293493,4292906,3628933,2449562,1887747,3345346
"204",1918444,2274728,2240850,2672218,3410316,3578991,3306156,4054449,3852520,4488179,4293491,4292904,3628931,2449560,1887745,3345343
"205",1918444,2274728,2240850,2672218,3410315,3578990,3306154,4054445,3852518,4488177,4293491,4292904,3628927,2449558,1887745,3345343
"206",1918444,2274728,2240850,2672217,3410314,3578988,3306147,4054439,3852515,4488173,4293488,4292902,3628925,2449557,1887742,3345342
"207",1918444,2274728,2240850,2672217,3410314,3578988,3306143,4054436,3852512,4488171,4293484,4292898,3628924,2449555,1887741,3345342
"208",1918443,2274726,2240850,2672217,3410312,3578984,3306140,4054429,3852506,4488167,4293482,4292897,3628923,2449554,1887740,3345341
"209",1918443,2274725,2240850,2672216,3410310,3578982,3306138,4054425,3852505,4488165,4293479,4292895,3628919,2449552,1887739,3345341
"210",1918441,2274724,2240849,2672213,3410305,3578980,3306135,4054423,3852503,4488164,4293477,4292892,3628918,2449551,1887739,3345340
"211",1918440,2274722,2240848,2672210,3410303,3578977,3306133,4054419,3852501,4488162,4293474,4292889,3628915,2449549,1887738,3345340
"212",1918440,2274721,2240845,2672208,3410297,3578971,3306132,4054416,3852499,4488158,4293470,4292885,3628912,2449545,1887736,3345338
"213",1918440,2274721,2240842,2672206,3410295,3578969,3306131,4054415,3852497,4488156,4293469,4292884,3628909,2449544,1887736,3345338
"214",1918440,2274721,2240842,2672205,3410292,3578963,3306129,4054414,3852495,4488156,4293465,4292880,3628902,2449539,1887736,3345338
"215",1918439,2274721,2240842,2672204,3410289,3578959,3306127,4054412,3852494,4488154,4293462,4292877,3628899,2449536,1887736,3345337
"216",1918439,2274720,2240842,2672204,3410287,3578957,3306126,4054409,3852493,4488151,4293460,4292874,3628889,2449531,1887734,3345336
"217",1918438,2274718,2240842,2672204,3410285,3578955,3306125,4054405,3852491,4488148,4293455,4292871,3628885,2449527,1887732,3345334
"218",1918438,2274717,2240839,2672201,3410283,3578953,3306121,4054400,3852486,4488142,4293448,4292866,3628884,2449527,1887730,3345332
"219",1918437,2274716,2240837,2672198,3410279,3578946,3306115,4054394,3852484,4488139,4293443,4292861,3628879,2449525,1887729,3345330
"220",1918436,2274714,2240832,2672192,3410272,3578941,3306106,4054385,3852476,4488129,4293436,4292851,3628870,2449518,1887726,3345324
"221",1918434,2274712,2240826,2672188,3410256,3578927,3306098,4054375,3852466,4488117,4293421,4292835,3628855,2449510,1887720,3345319
"222",1918432,2274710,2240820,2672177,3410239,3578910,3306085,4054362,3852452,4488100,4293393,4292813,3628825,2449491,1887705,3345306
"223",1918430,2274707,2240815,2672171,3410230,3578899,3306073,4054346,3852441,4488089,4293372,4292794,3628798,2449471,1887698,3345292
"224",1918429,2274705,2240805,2672160,3410222,3578887,3306062,4054331,3852429,4488073,4293340,4292758,3628761,2449444,1887684,3345276
"225",1918424,2274697,2240798,2672151,3410205,3578871,3306053,4054316,3852414,4488055,4293313,4292734,3628721,2449416,1887670,3345255
"226",1918418,2274692,2240783,2672134,3410190,3578855,3306039,4054295,3852398,4488041,4293287,4292711,3628690,2449397,1887653,3345232
"227",1918416,2274689,2240774,2672125,3410172,3578834,3306017,4054275,3852377,4488016,4293259,4292679,3628648,2449368,1887632,3345210
"228",1918411,2274682,2240763,2672113,3410149,3578806,3305998,4054256,3852356,4487989,4293227,4292651,3628619,2449344,1887618,3345188
"229",1918404,2274674,2240750,2672092,3410134,3578788,3305980,4054233,3852330,4487956,4293184,4292609,3628563,2449309,1887604,3345162
"230",1918401,2274667,2240745,2672084,3410114,3578775,3305968,4054213,3852314,4487936,4293162,4292579,3628531,2449288,1887590,3345136
"231",1918393,2274661,2240732,2672074,3410092,3578756,3305953,4054194,3852298,4487921,4293132,4292553,3628501,2449266,1887577,3345114
"232",1918388,2274654,2240725,2672067,3410074,3578736,3305929,4054170,3852280,4487898,4293098,4292523,3628467,2449244,1887562,3345089
"233",1918383,2274648,2240714,2672057,3410054,3578714,3305911,4054145,3852253,4487855,4293047,4292479,3628427,2449220,1887541,3345056
"234",1918374,2274643,2240707,2672049,3410039,3578700,3305890,4054117,3852229,4487827,4293011,4292442,3628389,2449195,1887513,3345011
"235",1918368,2274633,2240700,2672035,3410019,3578676,3305871,4054092,3852200,4487806,4292983,4292407,3628351,2449168,1887489,3344976
"236",1918365,2274626,2240693,2672027,3409998,3578652,3305854,4054071,3852183,4487783,4292953,4292380,3628312,2449141,1887477,3344953
"237",1918360,2274622,2240685,2672021,3409976,3578634,3305846,4054062,3852173,4487765,4292931,4292353,3628282,2449119,1887464,3344929
"238",1918353,2274613,2240678,2672012,3409965,3578618,3305830,4054045,3852161,4487753,4292909,4292328,3628250,2449098,1887445,3344903
"239",1918347,2274608,2240675,2672003,3409947,3578594,3305821,4054034,3852149,4487739,4292884,4292309,3628216,2449074,1887424,3344871
"240",1918344,2274604,2240673,2671999,3409935,3578584,3305815,4054024,3852135,4487726,4292865,4292290,3628192,2449058,1887415,3344845
"241",1918341,2274597,2240669,2671995,3409923,3578575,3305802,4054010,3852121,4487712,4292840,4292269,3628169,2449042,1887400,3344818
"242",1918339,2274595,2240664,2671991,3409914,3578569,3305792,4054000,3852110,4487699,4292824,4292251,3628147,2449025,1887387,3344802
"243",1918334,2274591,2240662,2671989,3409904,3578559,3305786,4053991,3852097,4487688,4292809,4292232,3628120,2449009,1887380,3344784
"244",1918333,2274589,2240660,2671986,3409899,3578550,3305776,4053981,3852091,4487679,4292795,4292221,3628105,2449000,1887371,3344772
"245",1918332,2274587,2240658,2671982,3409893,3578544,3305769,4053973,3852084,4487667,4292781,4292204,3628093,2448993,1887361,3344765
"246",1918331,2274583,2240654,2671978,3409888,3578539,3305762,4053964,3852076,4487659,4292767,4292189,3628069,2448975,1887348,3344750
"247",1918326,2274575,2240651,2671976,3409884,3578532,3305755,4053956,3852066,4487652,4292748,4292173,3628041,2448957,1887341,3344737
"248",1918323,2274573,2240650,2671975,3409873,3578522,3305746,4053945,3852057,4487639,4292730,4292155,3628016,2448943,1887331,3344714
"249",1918322,2274572,2240647,2671973,3409865,3578513,3305741,4053938,3852051,4487630,4292714,4292140,3627995,2448929,1887324,3344702
"250",1918321,2274570,2240646,2671971,3409855,3578502,3305735,4053931,3852045,4487624,4292704,4292133,3627977,2448916,1887317,3344689
"251",1918319,2274568,2240645,2671969,3409848,3578494,3305729,4053925,3852038,4487615,4292690,4292120,3627962,2448904,1887310,3344679
"252",1918315,2274565,2240643,2671964,3409843,3578489,3305726,4053918,3852030,4487606,4292679,4292108,3627951,2448892,1887305,3344674
"253",1918314,2274564,2240642,2671962,3409833,3578482,3305725,4053914,3852024,4487600,4292669,4292095,3627938,2448883,1887297,3344663
"254",1918312,2274561,2240636,2671958,3409821,3578471,3305719,4053910,3852018,4487589,4292653,4292078,3627916,2448873,1887289,3344650
"255",1918311,2274559,2240634,2671955,3409814,3578464,3305709,4053900,3852008,4487575,4292641,4292068,3627903,2448863,1887281,3344641
"256",1918311,2274558,2240632,2671952,3409810,3578459,3305706,4053894,3852001,4487568,4292624,4292054,3627889,2448851,1887275,3344630
"257",1918311,2274557,2240630,2671951,3409808,3578455,3305701,4053888,3851993,4487561,4292616,4292048,3627878,2448843,1887266,3344619
"258",1918311,2274556,2240628,2671951,3409800,3578447,3305697,4053884,3851990,4487558,4292607,4292040,3627869,2448839,1887257,3344614
"259",1918311,2274555,2240628,2671949,3409797,3578444,3305693,4053877,3851985,4487552,4292603,4292030,3627861,2448835,1887256,3344609
"260",1918310,2274553,2240627,2671945,3409794,3578438,3305691,4053870,3851979,4487547,4292592,4292019,3627853,2448829,1887246,3344594
"261",1918307,2274550,2240625,2671944,3409785,3578428,3305688,4053865,3851973,4487538,4292578,4292006,3627837,2448819,1887240,3344582
"262",1918304,2274548,2240624,2671942,3409779,3578421,3305682,4053859,3851967,4487528,4292567,4291996,3627824,2448809,1887232,3344564
"263",1918304,2274547,2240621,2671939,3409778,3578418,3305679,4053855,3851963,4487524,4292559,4291990,3627814,2448803,1887226,3344559
"264",1918304,2274546,2240619,2671937,3409770,3578414,3305671,4053847,3851957,4487518,4292549,4291982,3627801,2448795,1887220,3344557
"265",1918302,2274545,2240617,2671934,3409766,3578411,3305670,4053845,3851957,4487515,4292542,4291979,3627795,2448792,1887218,3344554
"266",1918301,2274543,2240616,2671933,3409762,3578405,3305667,4053837,3851952,4487510,4292538,4291975,3627792,2448789,1887218,3344548
"267",1918299,2274539,2240613,2671930,3409758,3578400,3305657,4053827,3851942,4487500,4292528,4291961,3627781,2448781,1887213,3344543
"268",1918296,2274537,2240610,2671928,3409755,3578395,3305652,4053824,3851936,4487492,4292521,4291955,3627774,2448776,1887210,3344539
"269",1918295,2274536,2240608,2671926,3409752,3578392,3305650,4053817,3851933,4487489,4292512,4291949,3627766,2448769,1887208,3344531
"270",1918295,2274534,2240608,2671925,3409750,3578389,3305644,4053809,3851928,4487483,4292507,4291946,3627754,2448764,1887201,3344520
"271",1918295,2274533,2240605,2671922,3409749,3578387,3305640,4053805,3851921,4487476,4292503,4291943,3627746,2448759,1887198,3344512
"272",1918295,2274533,2240604,2671921,3409740,3578379,3305636,4053799,3851917,4487473,4292496,4291935,3627738,2448752,1887195,3344505
"273",1918293,2274530,2240600,2671918,3409727,3578368,3305632,4053794,3851916,4487471,4292491,4291931,3627732,2448748,1887192,3344499
"274",1918293,2274529,2240599,2671916,3409721,3578365,3305627,4053788,3851911,4487466,4292478,4291918,3627716,2448738,1887184,3344487
"275",1918291,2274526,2240597,2671912,3409718,3578360,3305623,4053785,3851907,4487461,4292473,4291912,3627711,2448735,1887180,3344480
"276",1918291,2274525,2240594,2671908,3409715,3578356,3305619,4053780,3851905,4487456,4292469,4291909,3627704,2448731,1887175,3344477
"277",1918290,2274524,2240594,2671906,3409713,3578349,3305616,4053777,3851902,4487453,4292462,4291903,3627692,2448723,1887172,3344469
"278",1918288,2274523,2240593,2671904,3409709,3578341,3305612,4053767,3851897,4487450,4292460,4291899,3627686,2448719,1887168,3344464
"279",1918284,2274521,2240590,2671903,3409696,3578335,3305599,4053760,3851891,4487442,4292452,4291892,3627674,2448711,1887164,3344452
"280",1918281,2274517,2240588,2671898,3409684,3578323,3305589,4053752,3851881,4487432,4292446,4291887,3627671,2448707,1887161,3344444
"281",1918279,2274515,2240587,2671893,3409668,3578310,3305587,4053742,3851876,4487420,4292437,4291884,3627663,2448701,1887158,3344432
"282",1918278,2274513,2240585,2671895,3409668,3578305,3305589,4053741,3851873,4487418,4292438,4291879,3627660,2448698,1887155,3344427
"283",1918279,2274512,2240584,2671890,3409663,3578297,3305585,4053739,3851870,4487417,4292439,4291878,3627648,2448695,1887154,3344431
"284",1918278,2274510,2240584,2671892,3409657,3578296,3305577,4053737,3851870,4487417,4292436,4291875,3627647,2448695,1887149,3344420
"285",1918278,2274510,2240582,2671893,3409656,3578291,3305574,4053729,3851867,4487410,4292426,4291873,3627639,2448686,1887148,3344412
"286",1918278,2274510,2240584,2671888,3409647,3578289,3305569,4053718,3851855,4487402,4292420,4291861,3627632,2448686,1887145,3344396
"287",1918279,2274510,2240582,2671887,3409643,3578277,3305567,4053715,3851849,4487396,4292411,4291847,3627626,2448679,1887147,3344381
"288",1918278,2274510,2240580,2671886,3409640,3578273,3305563,4053708,3851848,4487386,4292405,4291850,3627610,2448674,1887136,3344372
"289",1918278,2274510,2240574,2671883,3409634,3578264,3305559,4053696,3851849,4487385,4292394,4291842,3627607,2448671,1887132,3344356
"290",1918278,2274510,2240574,2671883,3409635,3578269,3305557,4053686,3851843,4487377,4292387,4291826,3627601,2448661,1887134,3344349
"291",1918278,2274510,2240568,2671882,3409625,3578252,3305550,4053686,3851827,4487369,4292371,4291816,3627595,2448664,1887130,3344335
"292",1918278,2274510,2240568,2671879,3409617,3578238,3305545,4053677,3851819,4487356,4292366,4291807,3627592,2448658,1887120,3344331
"293",1918278,2274510,2240563,2671871,3409610,3578239,3305547,4053674,3851806,4487344,4292352,4291797,3627571,2448643,1887118,3344319
"294",1918278,2274510,2240564,2671867,3409603,3578226,3305536,4053668,3851804,4487340,4292343,4291789,3627569,2448637,1887117,3344306
"295",1918278,2274510,2240559,2671866,3409593,3578224,3305528,4053667,3851795,4487326,4292331,4291783,3627561,2448638,1887109,3344304
"296",1918277,2274511,2240555,2671867,3409591,3578217,3305519,4053660,3851785,4487327,4292326,4291770,3627553,2448627,1887108,3344296
"297",1918277,2274510,2240553,2671852,3409584,3578215,3305516,4053662,3851778,4487314,4292315,4291769,3627540,2448620,1887106,3344287
"298",1918278,2274510,2240552,2671857,3409576,3578200,3305508,4053645,3851776,4487303,4292309,4291758,3627535,2448620,1887101,3344282
"299",1918277,2274511,2240547,2671847,3409566,3578189,3305501,4053633,3851761,4487295,4292295,4291752,3627526,2448613,1887103,3344271
"300",1918278,2274509,2240547,2671844,3409547,3578183,3305492,4053628,3851752,4487282,4292284,4291738,3627511,2448607,1887102,3344256
"301",1918277,2274509,2240538,2671832,3409549,3578173,3305485,4053610,3851748,4487273,4292277,4291725,3627509,2448592,1887094,3344253
"302",1918276,2274508,2240537,2671830,3409536,3578164,3305472,4053610,3851741,4487258,4292272,4291725,3627504,2448590,1887095,3344247
"303",1918277,2274508,2240530,2671824,3409529,3578157,3305466,4053600,3851731,4487247,4292256,4291717,3627495,2448582,1887088,3344234
"304",1918278,2274508,2240534,2671823,3409519,3578148,3305453,4053588,3851728,4487240,4292247,4291703,3627469,2448578,1887082,3344227
"305",1918274,2274501,2240527,2671814,3409506,3578128,3305447,4053571,3851713,4487228,4292241,4291693,3627463,2448570,1887077,3344220
"306",1918273,2274504,2240524,2671820,3409505,3578128,3305434,4053555,3851709,4487219,4292230,4291692,3627457,2448560,1887066,3344212
"307",1918276,2274501,2240516,2671821,3409498,3578111,3305430,4053546,3851696,4487210,4292220,4291677,3627446,2448554,1887065,3344198
"308",1918272,2274502,2240512,2671812,3409484,3578104,3305409,4053541,3851691,4487207,4292213,4291663,3627430,2448551,1887061,3344180
"309",1918269,2274497,2240513,2671814,3409482,3578097,3305413,4053523,3851679,4487199,4292198,4291644,3627414,2448535,1887059,3344171
"310",1918267,2274492,2240510,2671810,3409458,3578081,3305395,4053518,3851667,4487178,4292198,4291629,3627405,2448530,1887044,3344156
"311",1918268,2274487,2240509,2671807,3409449,3578072,3305385,4053506,3851660,4487173,4292174,4291615,3627391,2448530,1887033,3344134
"312",1918260,2274486,2240500,2671797,3409442,3578062,3305381,4053504,3851659,4487159,4292156,4291613,3627375,2448512,1887025,3344132
"313",1918261,2274484,2240496,2671788,3409426,3578051,3305372,4053483,3851639,4487146,4292153,4291585,3627364,2448499,1887023,3344114
"314",1918259,2274475,2240494,2671781,3409421,3578042,3305353,4053463,3851628,4487130,4292130,4291580,3627338,2448495,1887014,3344099
"315",1918250,2274471,2240487,2671778,3409404,3578016,3305345,4053442,3851627,4487115,4292112,4291568,3627324,2448478,1887011,3344086
"316",1918246,2274470,2240474,2671761,3409377,3577992,3305333,4053421,3851605,4487088,4292086,4291544,3627306,2448461,1887002,3344076
"317",1918237,2274465,2240469,2671755,3409351,3577972,3305325,4053410,3851578,4487069,4292063,4291522,3627269,2448448,1886990,3344058
"318",1918238,2274456,2240465,2671740,3409333,3577947,3305307,4053378,3851553,4487052,4292028,4291491,3627256,2448424,1886980,3344039
"319",1918230,2274445,2240445,2671726,3409320,3577901,3305278,4053363,3851514,4487024,4292010,4291468,3627226,2448406,1886966,3344021
"320",1918226,2274434,2240445,2671701,3409294,3577878,3305262,4053329,3851517,4486979,4291967,4291446,3627201,2448383,1886954,3344003
"321",1918219,2274432,2240428,2671686,3409273,3577834,3305239,4053320,3851478,4486957,4291948,4291412,3627187,2448381,1886949,3343978
"322",1918207,2274420,2240414,2671673,3409225,3577817,3305213,4053282,3851433,4486935,4291920,4291373,3627167,2448361,1886935,3343955
"323",1918204,2274415,2240389,2671657,3409176,3577777,3305180,4053246,3851436,4486881,4291870,4291346,3627141,2448341,1886920,3343935
"324",1918195,2274400,2240371,2671632,3409125,3577764,3305153,4053200,3851379,4486833,4291840,4291298,3627106,2448328,1886902,3343913
"325",1918186,2274397,2240355,2671609,3409085,3577701,3305122,4053179,3851336,4486801,4291796,4291261,3627068,2448316,1886892,3343865
"326",1918172,2274373,2240336,2671586,3409052,3577663,3305093,4053129,3851308,4486761,4291767,4291210,3627032,2448281,1886877,3343844
"327",1918160,2274361,2240325,2671574,3409012,3577626,3305076,4053102,3851274,4486714,4291710,4291178,3627008,2448260,1886860,3343827
"328",1918154,2274357,2240310,2671560,3408973,3577568,3305033,4053059,3851228,4486682,4291671,4291136,3626949,2448233,1886848,3343792
"329",1918145,2274348,2240286,2671538,3408933,3577540,3304988,4053036,3851191,4486631,4291604,4291086,3626909,2448208,1886838,3343754
"330",1918147,2274344,2240252,2671498,3408880,3577495,3304970,4052985,3851158,4486589,4291569,4291035,3626881,2448183,1886812,3343716
"331",1918131,2274334,2240240,2671488,3408839,3577446,3304918,4052942,3851111,4486540,4291495,4290984,3626825,2448142,1886792,3343673
"332",1918112,2274316,2240237,2671460,3408798,3577411,3304887,4052893,3851089,4486486,4291443,4290917,3626787,2448115,1886760,3343637
"333",1918105,2274304,2240199,2671442,3408766,3577367,3304868,4052842,3851044,4486453,4291396,4290886,3626769,2448094,1886746,3343610
"334",1918101,2274298,2240183,2671416,3408730,3577320,3304822,4052800,3851021,4486434,4291347,4290837,3626711,2448044,1886719,3343562
"335",1918096,2274286,2240163,2671391,3408691,3577262,3304778,4052776,3850952,4486350,4291295,4290779,3626653,2448022,1886696,3343476
"336",1918091,2274264,2240151,2671358,3408635,3577229,3304751,4052738,3850909,4486328,4291226,4290711,3626583,2447993,1886664,3343435
"337",1918071,2274260,2240113,2671342,3408595,3577177,3304719,4052669,3850862,4486279,4291176,4290627,3626506,2447953,1886633,3343391
"338",1918063,2274244,2240106,2671301,3408533,3577141,3304674,4052596,3850829,4486212,4291136,4290580,3626447,2447890,1886609,3343312
"339",1918053,2274233,2240094,2671275,3408494,3577099,3304631,4052562,3850773,4486165,4291048,4290498,3626358,2447836,1886567,3343238
"340",1918030,2274218,2240058,2671262,3408443,3577065,3304594,4052505,3850737,4486112,4291003,4290419,3626279,2447794,1886536,3343147
"341",1918016,2274191,2240035,2671240,3408429,3577011,3304567,4052458,3850683,4486053,4290905,4290363,3626229,2447741,1886483,3343055
"342",1917996,2274173,2240010,2671209,3408393,3576943,3304512,4052408,3850629,4486016,4290852,4290279,3626133,2447684,1886454,3342980
"343",1917979,2274148,2239980,2671177,3408349,3576915,3304473,4052362,3850576,4485921,4290742,4290219,3626048,2447624,1886417,3342882
"344",1917961,2274130,2239944,2671160,3408285,3576861,3304422,4052308,3850530,4485836,4290662,4290133,3625958,2447570,1886381,3342799
"345",1917945,2274107,2239917,2671106,3408223,3576806,3304359,4052246,3850454,4485779,4290583,4290062,3625860,2447502,1886342,3342691
"346",1917929,2274077,2239899,2671074,3408157,3576738,3304332,4052184,3850390,4485693,4290464,4289976,3625786,2447433,1886301,3342615
"347",1917912,2274056,2239872,2671045,3408102,3576656,3304274,4052103,3850323,4485628,4290379,4289878,3625672,2447375,1886267,3342477
"348",1917894,2274034,2239843,2670988,3408046,3576614,3304195,4052036,3850248,4485545,4290267,4289738,3625588,2447298,1886212,3342353
"349",1917859,2273998,2239821,2670970,3407988,3576546,3304141,4051981,3850198,4485496,4290180,4289656,3625474,2447209,1886155,3342278
"350",1917840,2273986,2239789,2670922,3407909,3576473,3304107,4051931,3850112,4485401,4290070,4289540,3625354,2447147,1886114,3342155
"351",1917824,2273963,2239751,2670891,3407858,3576409,3304032,4051832,3850065,4485315,4289963,4289427,3625274,2447084,1886060,3342059
"352",1917816,2273934,2239722,2670855,3407805,3576334,3303968,4051765,3850004,4485229,4289841,4289324,3625151,2447011,1886015,3341938
"353",1917789,2273914,2239693,2670828,3407741,3576269,3303906,4051696,3849917,4485147,4289721,4289218,3625045,2446918,1885965,3341831
"354",1917753,2273882,2239668,2670788,3407674,3576191,3303831,4051605,3849847,4485069,4289609,4289092,3624931,2446830,1885899,3341742
"355",1917747,2273872,2239631,2670762,3407617,3576126,3303764,4051515,3849770,4484975,4289486,4288974,3624812,2446764,1885862,3341622
"356",1917722,2273849,2239598,2670723,3407560,3576064,3303714,4051434,3849689,4484876,4289368,4288906,3624703,2446692,1885811,3341534
"357",1917708,2273823,2239566,2670680,3407484,3575999,3303664,4051351,3849619,4484792,4289271,4288767,3624599,2446601,1885760,3341419
"358",1917687,2273799,2239536,2670648,3407416,3575939,3303580,4051285,3849529,4484657,4289152,4288645,3624465,2446513,1885702,3341310
"359",1917663,2273775,2239527,2670607,3407364,3575890,3303518,4051214,3849468,4484608,4289080,4288591,3624389,2446483,1885678,3341218
"360",1917640,2273762,2239478,2670579,3407332,3575818,3303449,4051148,3849417,4484526,4289010,4288502,3624310,2446409,1885638,3341169
"361",1917629,2273722,2239456,2670542,3407292,3575782,3303427,4051098,3849339,4484463,4288906,4288399,3624219,2446361,1885617,3341100
"362",1917610,2273707,2239437,2670504,3407224,3575734,3303368,4051030,3849287,4484398,4288823,4288330,3624129,2446302,1885583,3341047
"363",1917593,2273692,2239410,2670476,3407173,3575698,3303320,4050962,3849230,4484335,4288758,4288245,3624055,2446248,1885566,3340965
"364",1917578,2273674,2239373,2670459,3407127,3575645,3303291,4050910,3849191,4484292,4288682,4288189,3623955,2446215,1885536,3340904
"365",1917549,2273656,2239349,2670435,3407086,3575593,3303235,4050875,3849115,4484210,4288608,4288117,3623885,2446159,1885513,3340822
"366",1917534,2273634,2239333,2670401,3407041,3575546,3303188,4050807,3849074,4484146,4288537,4288040,3623821,2446117,1885463,3340743
"367",1917525,2273607,2239311,2670369,3406987,3575494,3303147,4050756,3849033,4484092,4288468,4287966,3623757,2446078,1885435,3340693
"368",1917499,2273588,2239289,2670343,3406942,3575438,3303109,4050707,3848972,4484028,4288407,4287889,3623682,2446032,1885412,3340636
"369",1917491,2273569,2239268,2670318,3406893,3575394,3303065,4050655,3848924,4483989,4288340,4287823,3623610,2445989,1885383,3340576
"370",1917468,2273549,2239247,2670293,3406855,3575353,3303027,4050598,3848877,4483939,4288277,4287762,3623546,2445947,1885359,3340527
"371",1917447,2273528,2239227,2670267,3406813,3575316,3303003,4050567,3848844,4483891,4288215,4287709,3623498,2445897,1885335,3340479
"372",1917436,2273520,2239211,2670240,3406773,3575272,3302969,4050527,3848814,4483844,4288161,4287659,3623454,2445870,1885307,3340435
"373",1917429,2273511,2239190,2670223,3406742,3575235,3302939,4050490,3848778,4483806,4288120,4287607,3623405,2445836,1885285,3340385
"374",1917420,2273495,2239161,2670200,3406712,3575194,3302900,4050448,3848738,4483759,4288069,4287564,3623360,2445807,1885269,3340332
"375",1917407,2273476,2239146,2670181,3406684,3575163,3302875,4050406,3848710,4483717,4288014,4287500,3623313,2445781,1885247,3340289
"376",1917396,2273462,2239127,2670162,3406658,3575134,3302832,4050379,3848668,4483674,4287959,4287454,3623277,2445746,1885230,3340253
"377",1917379,2273449,2239113,2670147,3406626,3575101,3302816,4050344,3848638,4483623,4287922,4287413,3623237,2445708,1885213,3340213
"378",1917373,2273439,2239098,2670124,3406602,3575076,3302795,4050311,3848598,4483587,4287865,4287376,3623193,2445681,1885186,3340174
"379",1917362,2273418,2239081,2670096,3406569,3575049,3302772,4050276,3848566,4483546,4287828,4287331,3623151,2445654,1885164,3340137
"380",1917352,2273411,2239065,2670083,3406543,3575025,3302746,4050241,3848534,4483515,4287790,4287294,3623113,2445634,1885150,3340104
"381",1917335,2273397,2239055,2670066,3406517,3574998,3302714,4050221,3848505,4483479,4287755,4287260,3623081,2445616,1885130,3340069
"382",1917331,2273387,2239040,2670041,3406487,3574970,3302686,4050190,3848468,4483440,4287714,4287223,3623052,2445590,1885118,3340041
"383",1917326,2273380,2239021,2670019,3406466,3574940,3302662,4050150,3848448,4483420,4287676,4287183,3623016,2445560,1885106,3340001
"384",1917313,2273371,2238990,2669995,3406438,3574915,3302635,4050124,3848424,4483387,4287644,4287150,3622975,2445542,1885087,3339976
"385",1917308,2273360,2238973,2669971,3406410,3574885,3302615,4050100,3848401,4483359,4287605,4287113,3622923,2445506,1885078,3339951
"386",1917299,2273345,2238954,2669942,3406380,3574860,3302594,4050073,3848374,4483333,4287562,4287070,3622884,2445481,1885063,3339920
"387",1917289,2273330,2238926,2669928,3406347,3574829,3302576,4050036,3848346,4483304,4287522,4287029,3622848,2445460,1885046,3339885
"388",1917278,2273320,2238904,2669899,3406330,3574805,3302557,4050022,3848320,4483275,4287489,4286996,3622820,2445433,1885033,3339856
"389",1917265,2273305,2238886,2669866,3406307,3574783,3302534,4050002,3848294,4483247,4287451,4286968,3622788,2445410,1885022,3339815
"390",1917257,2273299,2238866,2669841,3406285,3574754,3302513,4049981,3848269,4483216,4287431,4286932,3622766,2445391,1885014,3339780
"391",1917253,2273296,2238854,2669821,3406267,3574729,3302500,4049958,3848245,4483194,4287404,4286901,3622742,2445382,1885004,3339750
"392",1917244,2273285,2238848,2669814,3406259,3574720,3302489,4049946,3848233,4483174,4287382,4286885,3622727,2445373,1884997,3339728
"393",1917240,2273276,2238841,2669810,3406254,3574712,3302482,4049928,3848222,4483162,4287364,4286873,3622712,2445362,1884987,3339712
"394",1917236,2273272,2238840,2669805,3406249,3574706,3302476,4049919,3848217,4483154,4287357,4286858,3622702,2445356,1884985,3339703
"395",1917236,2273272,2238836,2669804,3406247,3574706,3302472,4049918,3848212,4483147,4287354,4286854,3622697,2445355,1884985,3339703
"396",1917236,2273272,2238835,2669804,3406246,3574705,3302471,4049918,3848212,4483147,4287354,4286853,3622696,2445354,1884985,3339703
"397",1917236,2273272,2238835,2669804,3406246,3574705,3302471,4049918,3848212,4483147,4287353,4286853,3622695,2445354,1884984,3339702
